{
    "camera_loc": [
        [
            -0.5275866267266138,
            -0.8391527752655372,
            -0.1321929312156268
        ],
        [
            -0.9173821528025445,
            0.0855428661876337,
            0.38870606345125824
        ],
        [
            0.8517579039895219,
            0.504369959340838,
            -0.14184293111007634
        ],
        [
            -0.985619354539436,
            -0.07768440586904901,
            0.15006538922095994
        ],
        [
            -0.22413347221952037,
            -0.326538784797532,
            0.9182247048809854
        ],
        [
            0.7192146854603837,
            0.6923152298941533,
            0.05856499530203016
        ],
        [
            0.29560838876046336,
            -0.9276601328973415,
            -0.22817177373051523
        ],
        [
            0.3210560394725009,
            0.07924189227657409,
            0.9437392341249037
        ],
        [
            0.5939814609356312,
            -0.8043663582725555,
            -0.013445658932159403
        ],
        [
            0.8909291852417611,
            -0.045053888223791264,
            0.45190190754230025
        ],
        [
            0.4061008985381938,
            0.2737608285384638,
            -0.8718583996064988
        ]
    ],
    "camera_radius": [
        7.912641303329116,
        2.5776398634382205,
        7.476730231576628,
        3.3206304916832443,
        8.317860807018716,
        9.4371682007676,
        4.420755050028939,
        4.562806243387145,
        8.767664060040424,
        6.666232011589471,
        6.026487832911441
    ],
    "lamp_distance": [
        5.0,
        5.0,
        5.0,
        5.0,
        5.0,
        5.0,
        5.0,
        5.0,
        5.0,
        5.0,
        5.0,
        5.0,
        5.0,
        5.0,
        5.0,
        5.0,
        5.0,
        5.0,
        5.0,
        5.0,
        5.0,
        5.0,
        5.0,
        5.0,
        5.0,
        5.0,
        5.0,
        5.0,
        5.0,
        5.0,
        5.0,
        5.0,
        5.0,
        5.0,
        5.0,
        5.0,
        5.0,
        5.0,
        5.0,
        5.0,
        5.0,
        5.0,
        5.0,
        5.0,
        5.0,
        5.0,
        5.0,
        5.0,
        5.0,
        5.0,
        5.0,
        5.0,
        5.0,
        5.0,
        5.0,
        5.0,
        5.0,
        5.0,
        5.0,
        5.0,
        5.0,
        5.0,
        5.0,
        5.0,
        5.0,
        5.0,
        5.0,
        5.0
    ],
    "lamp_energy": [
        5029.173760313182,
        3958.932415668042,
        5217.96290382713,
        4858.882750596432,
        6313.460185272088,
        4379.093213927489,
        2935.2723629268835,
        5240.370507608035,
        4555.242695412231,
        4478.527426374819,
        3307.4685574188748,
        7492.928849595845,
        4070.613876943518,
        7394.1846646023005,
        4789.761429954093,
        3978.584882744317,
        4230.856258552124,
        6062.484304699206,
        6462.413793073248,
        8776.89157301395,
        5402.9209194202795,
        4077.004923150913,
        3431.898448837632,
        5408.069588930546,
        3698.9620342984817,
        5967.86657619394,
        5068.0927356835955,
        3587.004069372573,
        4483.612813361019,
        7043.258239785814,
        4705.652863000826,
        5703.748261518056,
        5125.489146607994,
        3909.052208045907,
        5236.397444046459,
        3557.416608128393,
        3236.1679462761062,
        3934.7077881091977,
        8128.459707880649,
        5159.630094590478,
        5549.305836980181,
        3531.419115405876,
        10177.021781775766,
        1645.873429779082,
        3598.410947052661,
        6955.889864437012,
        4826.9670004655245,
        6096.766493257599,
        1890.4764209334517,
        3143.6341065630677,
        5138.657969776704,
        4116.057314881981,
        6155.088855861455,
        3333.9013250230996,
        2063.676244799629,
        4546.077086207068,
        4392.108490828936,
        4852.928154502478,
        4807.597121351165,
        2047.4594381011098,
        6170.688490116067,
        4545.3886348811075,
        4951.268988040386,
        2333.5315343590637,
        4522.396526635387,
        6328.256188600905,
        3369.402141731066,
        4522.637421257073
    ],