{
    "camera_loc": [
        [
            -0.8698024369025432,
            0.11175202227872665,
            -0.48057799187542105
        ],
        [
            -0.8473723403154815,
            -0.5297861686499681,
            -0.035871052053868334
        ],
        [
            0.29447305945089625,
            -0.26526147763426355,
            0.9181078181460585
        ],
        [
            -0.3658128877970032,
            -0.9292895169922653,
            0.051009065173745004
        ],
        [
            -0.9510985184335938,
            0.13806985358060148,
            0.27631200438210024
        ],
        [
            0.4352373777093979,
            -0.05547218678126123,
            -0.8986051755572921
        ],
        [
            0.76497713106457,
            0.5949961706401226,
            -0.2465553606633006
        ],
        [
            0.9803627652557197,
            0.09930296908577288,
            0.17037537624583102
        ],
        [
            -0.9926691044146909,
            -0.0823924912548085,
            0.08842808674489096
        ],
        [
            -0.01554779742770997,
            -0.08607512595858621,
            0.9961673246429841
        ],
        [
            -0.6510435898611229,
            -0.6462668235961518,
            -0.39809727055040484
        ]
    ],
    "camera_radius": [
        8.52144883976582,
        4.231131427986118,
        6.17551500018063,
        5.9661905961859665,
        6.0741043290441565,
        7.423701005475749,
        6.132369261024744,
        8.487394572908727,
        6.64289107033611,
        2.9015299362730693,
        6.045964744669633
    ],
    "lamp_distance": [
        5.0,
        5.0,
        5.0,
        5.0,
        5.0,
        5.0,
        5.0,
        5.0,
        5.0,
        5.0,
        5.0,
        5.0,
        5.0,
        5.0,
        5.0,
        5.0,
        5.0,
        5.0,
        5.0,
        5.0,
        5.0,
        5.0,
        5.0,
        5.0,
        5.0,
        5.0,
        5.0,
        5.0,
        5.0,
        5.0,
        5.0,
        5.0,
        5.0,
        5.0,
        5.0,
        5.0,
        5.0,
        5.0,
        5.0,
        5.0,
        5.0,
        5.0,
        5.0,
        5.0,
        5.0,
        5.0,
        5.0,
        5.0,
        5.0,
        5.0,
        5.0,
        5.0,
        5.0,
        5.0,
        5.0,
        5.0,
        5.0,
        5.0,
        5.0,
        5.0,
        5.0,
        5.0,
        5.0,
        5.0,
        5.0,
        5.0,
        5.0,
        5.0,
        5.0,
        5.0,
        5.0,
        5.0,
        5.0,
        5.0,
        5.0
    ],
    "lamp_energy": [
        4776.952781051998,
        7190.9872681906145,
        4388.382627579567,
        5356.602194766234,
        3525.9505743512896,
        5991.643403268728,
        6504.92232603781,
        6510.732612683807,
        7594.1320426346465,
        6979.624869289008,
        1483.1666426196266,
        4004.8378405529047,
        4511.342405939943,
        4412.45302262009,
        4645.943001264289,
        4084.866308273815,
        3838.7270266307382,
        5069.055370994507,
        4117.728638883079,
        6989.034969530505,
        5210.492025561723,
        3688.521344614191,
        4247.857519117098,
        3399.2304624031613,
        6854.1910971179595,
        4810.796358557036,
        3748.5110188694116,
        5299.409649823543,
        6418.294713718032,
        5262.798931862093,
        5637.642246064166,
        6142.982058068045,
        6527.31998239833,
        5517.166689371773,
        5190.404371653726,
        5793.032308760221,
        8206.774066522084,
        6976.944665821678,
        6265.400764045064,
        2792.036858547218,
        2627.1638402321,
        4597.982091762364,
        4722.775212856073,
        5406.56565361394,
        3615.757432450818,
        5633.923498684206,
        6376.180685721851,
        3630.9920590225047,
        7108.622308384434,
        6913.659414596566,
        4047.426919755452,
        5984.344036591896,
        3820.202597802713,
        7420.830719648917,
        3529.39713724357,
        6146.247763344537,
        2745.6808318285503,
        3204.7195983774527,
        4589.550669694932,
        3129.736076819814,
        5294.1733572718895,
        3169.628093749002,
        4369.373995688405,
        7170.835498611228,
        5764.849326985352,
        5391.7333202552445,
        4457.534494142557,
        7963.377156962185,
        3516.2268381515414,
        4340.678425088271,
        6352.28808265663,
        3927.9323322082223,
        6088.739298775313,
        2587.8164324155787,
        6251.494675771328
    ],