{
    "camera_loc": [
        [
            -0.9154794744913122,
            -0.1664558380649534,
            -0.3663192402252506
        ],
        [
            -0.10812873421539669,
            0.2465775066620293,
            0.9630720170606729
        ],
        [
            0.9057938181663999,
            -0.034343982774844774,
            0.4223245787527597
        ],
        [
            -0.6731198989581374,
            -0.6847537609150725,
            -0.2793239848979151
        ],
        [
            -0.9401987551268631,
            0.0820856710521315,
            -0.33058772431204725
        ],
        [
            -0.5556273985043761,
            0.8308884405253248,
            0.03004319278393661
        ],
        [
            -0.15098829483423692,
            -0.9872482915594193,
            -0.05043159362995823
        ],
        [
            -0.6872586322802836,
            0.4261804478992337,
            0.5882565751308203
        ],
        [
            -0.9274111293337574,
            0.0053540129073902975,
            0.37400525629150255
        ],
        [
            0.7492382314952435,
            -0.08030762721623969,
            0.6574136882335029
        ],
        [
            0.9259188991069112,
            0.37118459251617314,
            0.06997278438970465
        ]
    ],
    "camera_radius": [
        5.600646159130323,
        9.15087888709498,
        4.333081699149057,
        5.41078123631606,
        6.436423204433556,
        7.877861625964705,
        5.7285790023549215,
        4.798923796995606,
        5.714598437826615,
        6.885694599529236,
        5.935660496222203
    ],
    "lamp_distance": [
        5.0,
        5.0,
        5.0,
        5.0,
        5.0,
        5.0,
        5.0,
        5.0,
        5.0,
        5.0,
        5.0,
        5.0,
        5.0,
        5.0,
        5.0,
        5.0,
        5.0,
        5.0,
        5.0,
        5.0,
        5.0,
        5.0,
        5.0,
        5.0,
        5.0,
        5.0,
        5.0,
        5.0,
        5.0,
        5.0,
        5.0,
        5.0,
        5.0,
        5.0,
        5.0,
        5.0,
        5.0,
        5.0,
        5.0,
        5.0,
        5.0,
        5.0,
        5.0,
        5.0,
        5.0,
        5.0,
        5.0,
        5.0,
        5.0,
        5.0,
        5.0,
        5.0,
        5.0,
        5.0,
        5.0,
        5.0,
        5.0,
        5.0,
        5.0,
        5.0
    ],
    "lamp_energy": [
        4373.751568777129,
        7268.177284447625,
        3405.9813859662922,
        3019.428469820611,
        6288.910845518529,
        5098.069347261028,
        8143.221594605564,
        4722.0070495681675,
        6777.718034562475,
        3452.0146197503495,
        6449.21778523476,
        5068.971068659566,
        4071.7083152659193,
        5135.0746692066605,
        4154.146546471924,
        4636.4514359517325,
        6543.027816236447,
        4550.280431829207,
        4442.148945653073,
        6921.227680193678,
        4082.0046278838095,
        5862.038677226398,
        2830.605156013744,
        4905.98611875042,
        5354.413029273148,
        5311.324394226706,
        2738.237417853372,
        5150.687303676596,
        7077.5805060157145,
        4103.30959897136,
        6155.260433174347,
        4252.923654266227,
        4964.101262075083,
        3591.401569833687,
        4974.481988503618,
        3735.3975493441667,
        6009.451954659522,
        2755.261120811741,
        4575.489182469891,
        5132.672034411905,
        4728.779168481708,
        4716.013486080932,
        530.3138330600796,
        7020.978460840161,
        642.4756577445733,
        5614.929068201161,
        5470.947361776395,
        5417.945734710685,
        4844.83570551987,
        6167.467764906395,
        5224.839982386772,
        6906.754971375864,
        7657.920013882015,
        3683.5420131422557,
        2758.6752149784406,
        4134.430021815194,
        7061.261066621933,
        4456.553057628242,
        4218.756400993344,
        3125.028670756732
    ],