{
    "camera_loc": [
        [
            -0.9538202440145274,
            0.28350113786285336,
            -0.09926755229446814
        ],
        [
            -0.7217695061295153,
            0.15774752627348715,
            -0.6739172782887756
        ],
        [
            -0.9972700320022655,
            -0.048095826855598066,
            0.05602923084673483
        ],
        [
            -0.928163693070243,
            -0.18690519393479074,
            0.3218363052025144
        ],
        [
            0.9529336864770148,
            -0.17505821140012,
            0.24753183996956307
        ],
        [
            -0.6772926624283923,
            0.7288108517752341,
            0.10054547108307615
        ],
        [
            0.3424289576016971,
            0.05670562880350819,
            0.9378309446045241
        ],
        [
            -0.5050586446091736,
            0.3265223188410141,
            0.7989361306163538
        ],
        [
            0.16716842044199207,
            -0.25651835063929873,
            0.9519732427921612
        ],
        [
            0.81389348143188,
            -0.12417328493992177,
            -0.5675899895082037
        ],
        [
            -0.5011984685343996,
            -0.07978512904455841,
            -0.8616463475940205
        ]
    ],
    "camera_radius": [
        8.129825110904576,
        9.283513421498998,
        9.575128461621226,
        6.006789285860299,
        6.719997923896187,
        7.070505511834805,
        3.743171257773618,
        4.902683262401618,
        5.531317129613846,
        4.324602285711549,
        6.350536747805564
    ],
    "lamp_distance": [
        5.0,
        5.0,
        5.0,
        5.0,
        5.0,
        5.0,
        5.0,
        5.0,
        5.0,
        5.0,
        5.0,
        5.0,
        5.0,
        5.0,
        5.0,
        5.0,
        5.0,
        5.0,
        5.0,
        5.0,
        5.0,
        5.0,
        5.0,
        5.0,
        5.0,
        5.0,
        5.0,
        5.0,
        5.0,
        5.0,
        5.0,
        5.0,
        5.0,
        5.0,
        5.0,
        5.0,
        5.0,
        5.0,
        5.0,
        5.0,
        5.0,
        5.0,
        5.0,
        5.0,
        5.0,
        5.0,
        5.0,
        5.0,
        5.0,
        5.0,
        5.0,
        5.0,
        5.0,
        5.0,
        5.0,
        5.0,
        5.0,
        5.0,
        5.0,
        5.0,
        5.0,
        5.0,
        5.0,
        5.0,
        5.0,
        5.0,
        5.0,
        5.0,
        5.0,
        5.0
    ],
    "lamp_energy": [
        6143.9688199390075,
        5648.3748462940075,
        5403.108426428426,
        1124.101940239134,
        4436.90239283516,
        6120.910809631297,
        4511.4790473316425,
        5581.301305117832,
        7249.117946391785,
        7380.069063683624,
        3052.253508752509,
        2519.437171833019,
        3245.282364097543,
        6475.680536877779,
        5742.7974196853,
        3772.692455840129,
        5816.361274791131,
        3415.3255421321182,
        7976.4848497942,
        3502.552178584715,
        5726.239882224985,
        4210.686466592124,
        2820.388695586806,
        8033.3175509061,
        4660.683285591905,
        5562.961382827742,
        2659.282978234191,
        3367.4689838592135,
        4573.6022095163735,
        4519.209423949752,
        5054.991014369573,
        4855.413367786814,
        5990.044340799146,
        3939.0429723069947,
        4227.362994336525,
        3012.3422664862546,
        4727.705752014147,
        3940.869150476331,
        4335.678674459741,
        7024.081846551129,
        6775.318148009393,
        4722.300911712185,
        6925.178076948679,
        6808.628918578128,
        3706.476576832256,
        4386.394111799859,
        6574.882038997955,
        3094.529777362349,
        4158.504339777424,
        3908.007788701787,
        5693.307579313734,
        4595.171697314573,
        6971.783015274336,
        2554.1137247006104,
        6282.372601697583,
        4978.499677103023,
        4959.648668594362,
        6503.328239682525,
        5820.326025779408,
        6402.330233792641,
        1239.4445196846928,
        7061.916371091591,
        4633.430300597929,
        4809.031848280972,
        5935.663203189478,
        6632.700127271349,
        3792.359040724662,
        5152.937606285327,
        3680.288311871086,
        5852.044675373835
    ],