{
    "camera_loc": [
        [
            0.7442357323873576,
            0.5586967373548147,
            -0.366020669234592
        ],
        [
            0.33878015572034115,
            0.09490577483370251,
            0.936066717704094
        ],
        [
            -0.9946219001777976,
            -0.014460810087226526,
            -0.10255808431483324
        ],
        [
            0.7057805453605812,
            -0.7034103456571349,
            0.0841885230481601
        ],
        [
            0.2141027556923874,
            -0.09006175107872737,
            -0.972650446459343
        ],
        [
            -0.2842730357254983,
            -0.9432894527433988,
            -0.17144634584169138
        ],
        [
            0.9838259630927517,
            -0.1580810564649007,
            -0.08424282718166742
        ],
        [
            -0.7858183692678253,
            -0.5924609522904322,
            -0.17742466156757927
        ],
        [
            -0.934038292579292,
            -0.19145402802293046,
            0.3015258250123125
        ],
        [
            -0.6855641642467278,
            -0.2791556624240872,
            -0.6723644047964279
        ],
        [
            -0.8138156128099259,
            -0.10969004670179726,
            0.570677003217549
        ]
    ],
    "camera_radius": [
        6.420544663482637,
        6.632526574427722,
        4.389066653295828,
        8.156159172784774,
        7.617439168658344,
        2.7602060968845445,
        10.283948447941517,
        7.268352167286052,
        6.337672531955452,
        6.6135407857932105,
        5.748210736237169
    ],
    "lamp_distance": [
        5.0,
        5.0,
        5.0,
        5.0,
        5.0,
        5.0,
        5.0,
        5.0,
        5.0,
        5.0,
        5.0,
        5.0,
        5.0,
        5.0,
        5.0,
        5.0,
        5.0,
        5.0,
        5.0,
        5.0,
        5.0,
        5.0,
        5.0,
        5.0,
        5.0,
        5.0,
        5.0,
        5.0,
        5.0,
        5.0,
        5.0,
        5.0,
        5.0,
        5.0,
        5.0,
        5.0,
        5.0,
        5.0,
        5.0,
        5.0,
        5.0,
        5.0,
        5.0,
        5.0,
        5.0,
        5.0,
        5.0,
        5.0,
        5.0,
        5.0,
        5.0,
        5.0,
        5.0,
        5.0,
        5.0,
        5.0,
        5.0,
        5.0
    ],
    "lamp_energy": [
        4456.536048451989,
        4261.020122771575,
        6866.301691382563,
        7548.0180512769775,
        4739.852221936705,
        3764.494913092806,
        6842.780623759098,
        4589.823744335949,
        5877.408743450329,
        5462.5186357793455,
        3591.844658169587,
        6539.271275536671,
        4807.497657413269,
        3336.60086930769,
        1220.9408656880728,
        4974.527578554086,
        4930.117789866223,
        7478.245830014616,
        6174.229532415439,
        4109.85396366945,
        6491.204327333844,
        4169.3475847600275,
        4346.988642409735,
        3891.1443232125357,
        4637.135510875501,
        4067.578278614463,
        5012.0513515360035,
        4565.107771509911,
        6835.777798560224,
        1966.922809499949,
        7343.390553180989,
        4107.867800936411,
        1449.3604717625994,
        4495.55731963408,
        2519.8927198407177,
        6704.625172499653,
        2267.8341891935684,
        4331.264389651604,
        2792.152076697812,
        3476.0712628107713,
        4207.756727820102,
        4810.850219999816,
        2022.0245983804357,
        7248.8633994360935,
        5908.535310550887,
        1364.2430189053675,
        5131.483054555085,
        6619.967149122375,
        5206.860031868077,
        5329.193390482724,
        4716.5718822800845,
        4538.449263446985,
        5806.186851497515,
        4530.821971817162,
        5391.960708485946,
        5412.874670327564,
        4376.572565189217,
        5398.959372920157
    ],