{
    "camera_loc": [
        [
            0.9754940287391952,
            0.21778224328744347,
            0.03134157626640283
        ],
        [
            0.923911112193961,
            -0.17780429594951744,
            -0.3387829527978264
        ],
        [
            -0.9856736468019235,
            -0.12181182127837731,
            -0.11665908536004238
        ],
        [
            0.8775546849044016,
            -0.07450733109582286,
            0.47365222749958
        ],
        [
            -0.5910052594191131,
            0.8034172426395021,
            0.0723430547356558
        ],
        [
            -0.9907704659717275,
            0.1124652152162456,
            -0.07566676367157209
        ],
        [
            -0.794782981092975,
            -0.027737596854319903,
            -0.6062595472944826
        ],
        [
            0.3091618583070979,
            -0.21650198778215932,
            0.9260377069290838
        ],
        [
            -0.799744743407898,
            -0.04537693100258381,
            -0.5986228190807816
        ],
        [
            0.992116004965784,
            -0.11917447162451354,
            -0.038772129213528204
        ],
        [
            0.4114195503260796,
            -0.9085534782379951,
            0.0725570864294276
        ]
    ],
    "camera_radius": [
        4.7450345236859395,
        7.687918483665477,
        6.060458616431439,
        2.6324934591088893,
        3.5236189215309,
        6.167047790177196,
        3.7613294581415206,
        5.330688082439547,
        10.983671375499478,
        5.6300746656797696,
        7.957858892024504
    ],
    "lamp_distance": [
        5.0,
        5.0,
        5.0,
        5.0,
        5.0,
        5.0,
        5.0,
        5.0,
        5.0,
        5.0,
        5.0,
        5.0,
        5.0,
        5.0,
        5.0,
        5.0,
        5.0,
        5.0,
        5.0,
        5.0,
        5.0,
        5.0,
        5.0,
        5.0,
        5.0,
        5.0,
        5.0,
        5.0,
        5.0,
        5.0,
        5.0,
        5.0,
        5.0,
        5.0,
        5.0,
        5.0,
        5.0,
        5.0,
        5.0,
        5.0,
        5.0,
        5.0,
        5.0,
        5.0,
        5.0,
        5.0,
        5.0,
        5.0,
        5.0,
        5.0,
        5.0,
        5.0,
        5.0,
        5.0,
        5.0,
        5.0,
        5.0,
        5.0,
        5.0,
        5.0
    ],
    "lamp_energy": [
        5711.000656041141,
        6899.186396829887,
        7086.957154326561,
        1679.6979069748381,
        777.2794752028985,
        6331.520423956062,
        5721.7425177036885,
        6012.102670290163,
        4071.0004580976774,
        6278.836641869182,
        6120.105842689467,
        5226.663743585617,
        5093.5921043273265,
        7942.28157917271,
        5482.1183557672,
        4158.081890732378,
        4671.289927096914,
        4675.958806837637,
        4956.6857036473475,
        6694.498965011742,
        6239.028580636836,
        4676.934623225157,
        4115.856296959373,
        7513.565985941058,
        4310.90813118321,
        6792.944869917024,
        6352.665485149961,
        8277.008399489838,
        2133.5330580401733,
        4284.369105015397,
        3927.822965601868,
        3553.259417908919,
        4169.383113641434,
        4570.538916898962,
        5179.743193436872,
        7624.1423490134275,
        7672.044311159878,
        4422.089761034746,
        6457.403437822886,
        3825.103339603782,
        6275.355596363238,
        5497.699798882307,
        5048.199781509602,
        3748.9798801776524,
        6397.24361972229,
        2848.3406220981988,
        592.4136665262567,
        6708.109361888739,
        8235.52008692232,
        3901.8535776118133,
        4941.660915479187,
        5707.167532495992,
        4627.736773084266,
        5787.833540203835,
        4428.604976555762,
        5847.026279917187,
        6336.216999542197,
        4184.5042155804485,
        2994.888642482458,
        4225.187582988054
    ],