{
    "camera_loc": [
        [
            0.5083972469703336,
            -0.8610366193247287,
            0.012172898374160204
        ],
        [
            -0.9576352984314068,
            -0.1582723643631665,
            -0.24059196552894974
        ],
        [
            -0.8804542309415165,
            0.4741281341892406,
            -0.0016910314639126394
        ],
        [
            0.01721684300688806,
            -0.012312191246778365,
            0.9997759700370773
        ],
        [
            0.9219107832561569,
            0.3671986975829266,
            0.12347317202300116
        ],
        [
            0.7362063247437152,
            0.14177442265787654,
            -0.6617403270825931
        ],
        [
            -0.6075551536153967,
            0.4184936268933477,
            0.6750850461719791
        ],
        [
            -0.844842013236263,
            -0.08029435466664622,
            0.5289563207671922
        ],
        [
            0.6385420428374802,
            -0.7691292052369828,
            -0.026539125465333522
        ],
        [
            0.5366305945103126,
            -0.1930719775865139,
            -0.8214321740145935
        ],
        [
            -0.9050367509333548,
            0.1634425736878796,
            0.39267671762695433
        ]
    ],
    "camera_radius": [
        6.888975368040389,
        5.434166222656207,
        4.168081010429223,
        5.866219336185829,
        7.459664462017271,
        2.913049995054629,
        5.02205583505907,
        4.572305162771781,
        7.6023370706817595,
        6.939739376635956,
        7.530846817928596
    ],
    "lamp_distance": [
        5.0,
        5.0,
        5.0,
        5.0,
        5.0,
        5.0,
        5.0,
        5.0,
        5.0,
        5.0,
        5.0,
        5.0,
        5.0,
        5.0,
        5.0,
        5.0,
        5.0,
        5.0,
        5.0,
        5.0,
        5.0,
        5.0,
        5.0,
        5.0,
        5.0,
        5.0,
        5.0,
        5.0,
        5.0,
        5.0,
        5.0,
        5.0,
        5.0,
        5.0,
        5.0,
        5.0,
        5.0,
        5.0,
        5.0,
        5.0,
        5.0,
        5.0,
        5.0,
        5.0,
        5.0,
        5.0,
        5.0,
        5.0,
        5.0,
        5.0,
        5.0,
        5.0,
        5.0,
        5.0,
        5.0,
        5.0,
        5.0,
        5.0,
        5.0,
        5.0,
        5.0,
        5.0,
        5.0,
        5.0
    ],
    "lamp_energy": [
        5234.371770983864,
        5983.950361706442,
        4991.023348422614,
        4837.943790571154,
        2297.245782774194,
        4410.679977462367,
        7253.716162462101,
        3425.5216221178175,
        4763.066461398645,
        6391.003091007113,
        6186.211439598627,
        7305.057926916785,
        2282.264756900426,
        4110.849975318948,
        5814.284027895927,
        4716.441566807721,
        4949.80338260793,
        7142.430807520208,
        3907.114675538328,
        5291.456395396825,
        6017.9219180957525,
        3494.7254408674316,
        4439.3965212412795,
        8644.780382287017,
        3541.5885900692474,
        6612.031284755363,
        6490.127177399134,
        6740.914575687377,
        6653.027072003838,
        5162.513540699141,
        6766.197998807424,
        5124.792632552313,
        3255.4792067592625,
        5348.959543547145,
        6233.391116541873,
        3928.945760065053,
        5262.141542566018,
        7748.156134072971,
        7215.539812561281,
        3971.812863759681,
        7269.370796459942,
        2836.6250961364694,
        2421.4324629585954,
        4708.69827170122,
        4538.273838070274,
        3750.197160442888,
        4778.217276916588,
        4031.114652306254,
        4034.934090192093,
        3135.932234389429,
        6784.049575409536,
        5489.461785908383,
        6854.632753180753,
        5324.042368620929,
        3076.4312954905904,
        6134.16619733402,
        4701.054882121925,
        3568.723528368625,
        3562.0324426412394,
        4992.231111606383,
        3483.1106633004883,
        2448.578540777013,
        6527.983317071114,
        4383.626983430998
    ],