{
    "camera_loc": [
        [
            -0.7553915288486016,
            0.5769613004855676,
            0.3106433580261696
        ],
        [
            -0.8202909688495446,
            0.4871853822771307,
            -0.299621644277181
        ],
        [
            -0.8252386815851505,
            -0.14843977579487672,
            -0.5449282075444153
        ],
        [
            0.8348785113399593,
            0.05308064891348641,
            -0.5478688857871897
        ],
        [
            -0.3907509082388216,
            0.9113064128744894,
            0.12974725262743209
        ],
        [
            -0.2941306496665772,
            -0.03329003172859652,
            0.9551852881583899
        ],
        [
            0.7012073563956722,
            -0.6592576844745492,
            0.2714545059450081
        ],
        [
            0.9965217339551696,
            0.03551336220259658,
            0.07538723273903349
        ],
        [
            0.2693073300732357,
            -0.03136520669916336,
            0.9625433942309012
        ],
        [
            -0.28245883497737556,
            0.9588161304951075,
            0.029809972251121065
        ],
        [
            0.9457381957503977,
            -0.08836386336258932,
            0.31268369441085336
        ]
    ],
    "camera_radius": [
        4.482911244247978,
        6.041286751354451,
        5.3274140388912885,
        5.9995581472105,
        6.362325244236946,
        7.2541376124930155,
        5.379169617526336,
        2.0291188436109002,
        7.717621069090022,
        7.570282432834986,
        6.719318142695827
    ],
    "lamp_distance": [
        5.0,
        5.0,
        5.0,
        5.0,
        5.0,
        5.0,
        5.0,
        5.0,
        5.0,
        5.0,
        5.0,
        5.0,
        5.0,
        5.0,
        5.0,
        5.0,
        5.0,
        5.0,
        5.0,
        5.0,
        5.0,
        5.0,
        5.0,
        5.0,
        5.0,
        5.0,
        5.0,
        5.0,
        5.0,
        5.0,
        5.0,
        5.0,
        5.0,
        5.0,
        5.0,
        5.0,
        5.0,
        5.0,
        5.0,
        5.0,
        5.0,
        5.0,
        5.0,
        5.0,
        5.0,
        5.0,
        5.0,
        5.0,
        5.0,
        5.0,
        5.0,
        5.0,
        5.0,
        5.0,
        5.0,
        5.0,
        5.0,
        5.0,
        5.0,
        5.0,
        5.0
    ],
    "lamp_energy": [
        4761.622808968587,
        4920.123206852282,
        7993.127660271531,
        6862.732423694514,
        6218.114366157906,
        5880.699534928865,
        6421.706949328112,
        2966.326855723948,
        7451.924743683463,
        4782.256756282356,
        6079.122863425559,
        6128.476680331869,
        5266.185621843314,
        3281.401138297346,
        6320.535503958182,
        1471.4327351675947,
        5201.410493168582,
        7287.670404742095,
        4512.347443593853,
        4714.666354025149,
        2992.6126838353593,
        4945.448236016528,
        7305.574657451308,
        5273.364843754459,
        3119.739386140452,
        5267.380050634224,
        6379.255884506995,
        5369.667253400159,
        8576.132189101361,
        5424.736975196221,
        5853.250060071114,
        4309.1338678702505,
        7039.635389475561,
        5396.878273283683,
        7212.574343366854,
        5386.749157163873,
        4932.067075520738,
        2631.763497203766,
        2942.5890986934096,
        1001.9940076792618,
        6333.396206261096,
        4712.965449547665,
        4326.02297816541,
        2857.0729150699412,
        3371.5512104132877,
        5022.394586148577,
        19.290225641614597,
        5652.941976981646,
        3316.1345266138724,
        6366.484113585511,
        5840.577067019259,
        5909.579767433676,
        4905.314249355596,
        1980.9695047688338,
        3810.812764516688,
        5564.6845393605745,
        2427.827332462993,
        7793.396439535452,
        4294.692992522358,
        5115.631188697417,
        5664.9206519777745
    ],