{
    "camera_loc": [
        [
            0.28136417936236696,
            -0.122608449330207,
            0.9517359753232951
        ],
        [
            0.5003715781076064,
            -0.8656190975974225,
            0.018217071573871046
        ],
        [
            0.9855333705816628,
            0.16948034812515247,
            0.0006221489564310209
        ],
        [
            -0.984689170015509,
            0.011561829343088005,
            -0.1739355126373257
        ],
        [
            -0.9262501692141659,
            0.23904360071768935,
            0.2914082719942091
        ],
        [
            0.1642937697752274,
            0.09400865922642876,
            -0.9819215494139507
        ],
        [
            -0.9043152322679462,
            0.15465536264492918,
            -0.39786389568963887
        ],
        [
            -0.07280761133191657,
            -0.4143190415353598,
            -0.9072148497204845
        ],
        [
            0.5637062500610346,
            0.056917610170657815,
            0.8240119230293864
        ],
        [
            -0.7661867012536052,
            0.09702059413482877,
            -0.6352518737759406
        ],
        [
            0.5435894298555498,
            0.8157658445323098,
            0.19757686768396182
        ]
    ],
    "camera_radius": [
        4.825968117207036,
        2.7825260172511497,
        6.5774009907799496,
        4.693238393505275,
        5.467815594526956,
        9.628595388079606,
        6.608887628794019,
        6.154488040156903,
        3.8577755415671002,
        6.817941146869945,
        6.927578750114694
    ],
    "lamp_distance": [
        5.0,
        5.0,
        5.0,
        5.0,
        5.0,
        5.0,
        5.0,
        5.0,
        5.0,
        5.0,
        5.0,
        5.0,
        5.0,
        5.0,
        5.0,
        5.0,
        5.0,
        5.0,
        5.0,
        5.0,
        5.0,
        5.0,
        5.0,
        5.0,
        5.0,
        5.0,
        5.0,
        5.0,
        5.0,
        5.0,
        5.0,
        5.0,
        5.0,
        5.0,
        5.0,
        5.0,
        5.0,
        5.0,
        5.0,
        5.0,
        5.0,
        5.0,
        5.0,
        5.0,
        5.0,
        5.0,
        5.0,
        5.0,
        5.0,
        5.0,
        5.0,
        5.0,
        5.0,
        5.0,
        5.0,
        5.0,
        5.0,
        5.0,
        5.0,
        5.0,
        5.0,
        5.0,
        5.0,
        5.0,
        5.0,
        5.0,
        5.0,
        5.0,
        5.0,
        5.0,
        5.0
    ],
    "lamp_energy": [
        6504.089665229985,
        3546.336982221944,
        6099.875004652117,
        2852.038332657273,
        5373.388158222146,
        5257.566079668833,
        3094.589155100978,
        3675.5973881751625,
        2355.710994524182,
        6054.30113513317,
        5216.878659187502,
        8266.29775303685,
        8103.258991662016,
        4670.39498948133,
        5600.6882277369095,
        6770.955245920728,
        5570.149433197164,
        4334.709429625168,
        4752.642052103172,
        5240.717528998276,
        4603.849025975494,
        5538.93417355089,
        4985.126264754316,
        4391.7928092472,
        3778.063763629406,
        3755.729276541372,
        5730.089571017232,
        7555.129144140463,
        7794.999013067496,
        6398.683440587745,
        5124.588449944889,
        3142.134575744087,
        4825.580939271838,
        2432.9546841496153,
        2101.246499392892,
        3261.9756702003997,
        4580.433677758194,
        6918.527285826709,
        4547.467786719313,
        7491.7991182176775,
        4538.693794392533,
        5473.363315533357,
        7717.135787932453,
        2280.0846162894422,
        7097.98908065686,
        5682.774772690973,
        5663.365170345013,
        2786.1118120386354,
        2629.171119849807,
        6119.938187900607,
        6490.186649214884,
        4242.919828286171,
        5513.516383082825,
        5474.560633938776,
        8007.192233793599,
        4594.367851354467,
        3052.1439072878993,
        3445.218176727304,
        2994.8142211662844,
        3456.7779606914064,
        4246.897226299674,
        8715.177188308695,
        3952.901917238475,
        5227.818268162266,
        4235.283589871551,
        7743.699086954997,
        3737.282179354833,
        3933.6148999184534,
        4601.876518456586,
        4763.507085860801,
        4022.7682338737336
    ],