{
    "camera_loc": [
        [
            -0.9366037504376246,
            0.02676986365490656,
            -0.3493662677850763
        ],
        [
            0.5770010408900174,
            0.19981656195063133,
            0.7919236960604639
        ],
        [
            0.9973109226294431,
            -0.022320556134379072,
            0.06980484494546833
        ],
        [
            0.9175512992270035,
            -0.016784549549369667,
            0.39726300127656305
        ],
        [
            0.38029049948196364,
            0.9049628261951066,
            -0.19084396560730912
        ],
        [
            0.41727937037688306,
            0.8697316413623497,
            -0.26352381120313384
        ],
        [
            0.996195853113551,
            -0.032380779062590244,
            -0.08090307402481069
        ],
        [
            0.704180266851926,
            0.022638866369988363,
            0.7096602239845715
        ],
        [
            -0.5984117945330147,
            -0.7877525836515427,
            0.14611362398522684
        ],
        [
            0.5985113560262818,
            -0.20557737565339676,
            0.774288124232216
        ],
        [
            0.22553952715506317,
            0.26893261097667104,
            -0.9363798227449911
        ]
    ],
    "camera_radius": [
        4.441917789857165,
        6.370974045640627,
        2.343061743719678,
        5.811991440290439,
        2.338833286919483,
        3.0472746717423984,
        4.908903626359275,
        6.1526240135634955,
        7.3228221472292105,
        7.560150217152502,
        4.312842951382286
    ],
    "lamp_distance": [
        5.0,
        5.0,
        5.0,
        5.0,
        5.0,
        5.0,
        5.0,
        5.0,
        5.0,
        5.0,
        5.0,
        5.0,
        5.0,
        5.0,
        5.0,
        5.0,
        5.0,
        5.0,
        5.0,
        5.0,
        5.0,
        5.0,
        5.0,
        5.0,
        5.0,
        5.0,
        5.0,
        5.0,
        5.0,
        5.0,
        5.0,
        5.0,
        5.0,
        5.0,
        5.0,
        5.0,
        5.0,
        5.0,
        5.0,
        5.0,
        5.0,
        5.0,
        5.0,
        5.0,
        5.0,
        5.0,
        5.0,
        5.0,
        5.0,
        5.0,
        5.0,
        5.0,
        5.0,
        5.0,
        5.0,
        5.0,
        5.0,
        5.0,
        5.0,
        5.0,
        5.0,
        5.0,
        5.0,
        5.0,
        5.0,
        5.0,
        5.0,
        5.0,
        5.0
    ],
    "lamp_energy": [
        2806.23229500224,
        3240.4718125074414,
        4136.633128129171,
        6867.433852319846,
        2068.6493442852934,
        2985.253065331268,
        3491.8982925342516,
        7032.23969022493,
        4978.529362586212,
        6956.826705486487,
        3978.1009341394056,
        2445.8254774716197,
        5257.358292455244,
        5176.694732990429,
        1867.5265908037122,
        5652.41794677882,
        5480.1171339361235,
        4128.289278584235,
        6237.195477547358,
        5035.183921981685,
        3145.873281795978,
        2293.9769154770675,
        7154.187487169214,
        3791.9111733973455,
        6518.366586853386,
        3648.5590653090485,
        4881.054821272247,
        3812.662449366124,
        5523.051075588084,
        5852.886923270406,
        4592.061010364617,
        3233.1909516050428,
        3547.2742065893267,
        4191.908601268601,
        5238.9260530793335,
        7520.056790302877,
        3611.020462915576,
        4208.376473782984,
        4728.463090404641,
        5689.395127557856,
        5376.676475558657,
        7513.800973754205,
        6961.527184810531,
        3433.0175260160213,
        7328.556815665344,
        5678.4508782578505,
        412.6030088376265,
        4951.827719690381,
        3654.6754035322465,
        6906.942983651687,
        5054.687026043277,
        4337.973259009152,
        7772.639197891514,
        3465.255132789208,
        3641.061028766955,
        4330.758135982864,
        3917.3829122884076,
        4738.635658551228,
        5759.039604985049,
        6092.112196626225,
        5864.577373374068,
        4844.852709887014,
        5470.316214454882,
        4570.202509840494,
        5012.871025983192,
        4564.195011491021,
        5561.717005794947,
        2359.390618656676,
        5346.61724244127
    ],