{
    "camera_loc": [
        [
            -0.5443911068123,
            -0.8005772784726544,
            -0.2504283211160371
        ],
        [
            -0.04314261009960476,
            -0.9983242013452633,
            0.03856817602811342
        ],
        [
            -0.7064179980205234,
            0.26939618212921945,
            0.6545221991093015
        ],
        [
            -0.3667294035866596,
            0.9256762861486193,
            0.09291371162036578
        ],
        [
            -0.97058694346847,
            -0.23911106299221058,
            0.028051465617118153
        ],
        [
            0.8874074514376247,
            -0.45977910654563886,
            -0.03333449140265701
        ],
        [
            -0.7877163442463135,
            -0.2585460665039036,
            -0.5591573056864966
        ],
        [
            -0.3706320807758983,
            -0.9278272142318608,
            0.042053789727834245
        ],
        [
            -0.805924128188697,
            0.00807850070614689,
            0.5919637129331742
        ],
        [
            0.30334548778912107,
            -0.8723641829740107,
            0.38335655374868316
        ],
        [
            -0.8811419001669805,
            0.4728442124096439,
            -0.002702325077906797
        ]
    ],
    "camera_radius": [
        4.327269767766973,
        6.915538458849597,
        3.927465397541142,
        7.146843910144882,
        2.392993311970927,
        4.875356779829206,
        7.978277474996853,
        3.9913518145307836,
        5.002500116453384,
        3.5104512157412477,
        3.039438430131162
    ],
    "lamp_distance": [
        5.0,
        5.0,
        5.0,
        5.0,
        5.0,
        5.0,
        5.0,
        5.0,
        5.0,
        5.0,
        5.0,
        5.0,
        5.0,
        5.0,
        5.0,
        5.0,
        5.0,
        5.0,
        5.0,
        5.0,
        5.0,
        5.0,
        5.0,
        5.0,
        5.0,
        5.0,
        5.0,
        5.0,
        5.0,
        5.0,
        5.0,
        5.0,
        5.0,
        5.0,
        5.0,
        5.0,
        5.0,
        5.0,
        5.0,
        5.0,
        5.0,
        5.0,
        5.0,
        5.0,
        5.0,
        5.0,
        5.0,
        5.0,
        5.0,
        5.0,
        5.0,
        5.0,
        5.0,
        5.0,
        5.0,
        5.0,
        5.0,
        5.0,
        5.0
    ],
    "lamp_energy": [
        3699.9733851907467,
        3229.4077440256256,
        3228.055614208196,
        3323.058540070484,
        5082.1152476370025,
        5714.533775070757,
        6018.679986066507,
        5510.407484752872,
        5547.743872601081,
        5552.173360576885,
        1695.4842054118508,
        5970.9863308612585,
        7246.076762285248,
        4963.587916539768,
        6067.527101466619,
        5818.825767744978,
        4326.98506010262,
        6455.121813011351,
        6552.952496705464,
        5402.931318107896,
        4598.731529558085,
        3442.966318749046,
        4974.076617937718,
        3896.0416255639293,
        5946.823678639301,
        6992.561738550812,
        5233.137176349231,
        3322.211862649053,
        2377.243378441399,
        3924.9342448947555,
        2889.355684807756,
        4577.166870512983,
        6321.881048344379,
        8349.954536016305,
        4552.625716995062,
        6079.760204063017,
        6114.934052385016,
        7688.205865198766,
        7124.6387926934,
        4089.468001192696,
        4550.08664732553,
        5265.930642169493,
        4880.72950634642,
        5300.687852434108,
        5024.580980633248,
        6848.1860781298565,
        4604.244118893611,
        8821.90039809101,
        6300.857166851664,
        4281.376745315931,
        5932.001821006166,
        6057.494943557307,
        5214.084245039573,
        3347.675664896112,
        4244.785804501949,
        4990.526190913766,
        2803.5899354747853,
        5664.944358626132,
        4498.427675738371
    ],