{
    "camera_loc": [
        [
            -0.9457950030725724,
            0.30772673435276954,
            0.1038078471385132
        ],
        [
            -0.8553750066805569,
            0.016482035165634797,
            0.5177469849869103
        ],
        [
            -0.8748884929549459,
            0.15860199115139129,
            0.45761941971231684
        ],
        [
            -0.9064034125619421,
            0.34341792909017077,
            -0.24596133776568294
        ],
        [
            0.7368269248420983,
            0.034543430534026504,
            0.6751983665817607
        ],
        [
            -0.637787428255788,
            0.7560391871070915,
            -0.14707801983068844
        ],
        [
            0.07464869700852216,
            0.9217238629227217,
            -0.3805951819896644
        ],
        [
            0.13958625559871726,
            0.05166876843524479,
            -0.9888609688001214
        ],
        [
            0.06950105631019474,
            0.993284426729226,
            0.09249676096469608
        ],
        [
            0.2478465489588803,
            0.14822370431898668,
            0.9573932429504247
        ],
        [
            0.8515463096278075,
            -0.006432047034274981,
            -0.5242399367944137
        ]
    ],
    "camera_radius": [
        9.141999031885481,
        6.0609793957230185,
        4.0902715506568725,
        6.154923282790462,
        9.006760158335911,
        4.736451334463112,
        4.403630732738497,
        4.662450010447507,
        5.848074049242788,
        8.873784224301206,
        5.476598441905727
    ],
    "lamp_distance": [
        5.0,
        5.0,
        5.0,
        5.0,
        5.0,
        5.0,
        5.0,
        5.0,
        5.0,
        5.0,
        5.0,
        5.0,
        5.0,
        5.0,
        5.0,
        5.0,
        5.0,
        5.0,
        5.0,
        5.0,
        5.0,
        5.0,
        5.0,
        5.0,
        5.0,
        5.0,
        5.0,
        5.0,
        5.0,
        5.0,
        5.0,
        5.0,
        5.0,
        5.0,
        5.0,
        5.0,
        5.0,
        5.0,
        5.0,
        5.0,
        5.0,
        5.0,
        5.0,
        5.0,
        5.0,
        5.0,
        5.0,
        5.0,
        5.0,
        5.0,
        5.0,
        5.0,
        5.0,
        5.0,
        5.0,
        5.0,
        5.0,
        5.0,
        5.0,
        5.0,
        5.0,
        5.0,
        5.0,
        5.0,
        5.0,
        5.0,
        5.0,
        5.0,
        5.0,
        5.0,
        5.0
    ],
    "lamp_energy": [
        5351.317604930355,
        3793.65211487761,
        5743.6133358284405,
        6331.250301726184,
        4327.2273459670305,
        4606.451740785426,
        3691.1325551179734,
        6052.034934828306,
        7487.036303157286,
        2706.972482179607,
        5213.261902543126,
        5593.976548005438,
        6480.51719072521,
        6417.875976609827,
        6825.909076805603,
        2961.8270650190634,
        6787.688988431773,
        3819.5523625609776,
        2797.214577138215,
        3424.599952999586,
        3006.9021504363445,
        5095.147174659023,
        4892.380270158412,
        5410.287250783315,
        6636.874436794936,
        6480.1170991143845,
        3065.172608531333,
        5633.530587956191,
        7188.747224133456,
        4014.0701568571303,
        4685.461824685187,
        4144.426221304875,
        5422.9801751583655,
        2029.670126203423,
        6452.86927389203,
        2649.564654201935,
        3543.186033975465,
        7361.0156071948195,
        3826.7096503352504,
        4844.78284075971,
        2548.416576948069,
        630.4111233389485,
        4491.222840497319,
        3804.8499501510537,
        6537.830085628348,
        4768.491378776392,
        4363.952629195044,
        1391.1622727548083,
        5720.036040027218,
        6366.424756788566,
        8207.709671126075,
        3826.3085373902586,
        6034.374567714726,
        5213.457087735427,
        4239.816991702213,
        5868.204288385614,
        3767.9316375543476,
        7860.754014403938,
        5688.693784746032,
        3710.5752954788613,
        4994.537522296341,
        6420.323238645065,
        2714.9585737257157,
        5708.927275798787,
        2837.983571701118,
        5037.838821996536,
        5993.117552683355,
        2712.773162498228,
        3420.6902644720194,
        6172.704622411452,
        4228.50301953243
    ],