{
    "camera_loc": [
        [
            -0.5541460625359387,
            0.8285429116435781,
            -0.080242039736647
        ],
        [
            0.9362819705450398,
            0.15176152172566784,
            0.31677201921225134
        ],
        [
            0.6895231278726814,
            -0.655350766907742,
            0.30833946948470337
        ],
        [
            0.9666086548254272,
            0.04095123944617786,
            -0.2529638401123765
        ],
        [
            0.9578736810321586,
            0.26339949021543835,
            -0.11444963844481833
        ],
        [
            0.11716596414806112,
            -0.039882427619837284,
            0.9923112056267447
        ],
        [
            -0.8504683073534764,
            -0.2262855799621245,
            -0.47486681763260474
        ],
        [
            -0.866362083775863,
            -0.49830376598340265,
            -0.03331811222597923
        ],
        [
            -0.8884921850242204,
            0.07954539619094927,
            -0.4519448717440119
        ],
        [
            0.9930072345475758,
            -0.117017246927313,
            -0.015607564118980437
        ],
        [
            0.4783793803431025,
            -0.2445770340062168,
            0.8434069260441671
        ]
    ],
    "camera_radius": [
        8.413951401169761,
        6.148593517827236,
        6.998041564316726,
        7.413006227892117,
        6.270162830005633,
        8.264113629855604,
        7.743184723916807,
        5.31271115668395,
        6.836866557768374,
        4.218252564279027,
        6.1028690994392365
    ],
    "lamp_distance": [
        5.0,
        5.0,
        5.0,
        5.0,
        5.0,
        5.0,
        5.0,
        5.0,
        5.0,
        5.0,
        5.0,
        5.0,
        5.0,
        5.0,
        5.0,
        5.0,
        5.0,
        5.0,
        5.0,
        5.0,
        5.0,
        5.0,
        5.0,
        5.0,
        5.0,
        5.0,
        5.0,
        5.0,
        5.0,
        5.0,
        5.0,
        5.0,
        5.0,
        5.0,
        5.0,
        5.0,
        5.0,
        5.0,
        5.0,
        5.0,
        5.0,
        5.0,
        5.0,
        5.0,
        5.0,
        5.0,
        5.0,
        5.0,
        5.0,
        5.0,
        5.0,
        5.0,
        5.0,
        5.0,
        5.0,
        5.0,
        5.0,
        5.0,
        5.0,
        5.0,
        5.0,
        5.0,
        5.0,
        5.0,
        5.0,
        5.0,
        5.0,
        5.0,
        5.0,
        5.0,
        5.0,
        5.0
    ],
    "lamp_energy": [
        4383.156507613685,
        6197.306973424482,
        2608.7392614874516,
        3657.0470548495996,
        2925.523150216209,
        6275.670155657811,
        5746.996488594401,
        7008.053504984819,
        3606.1237120634387,
        6447.030722061474,
        6490.811753241079,
        4283.892885604363,
        5132.788262639406,
        3282.9762133537615,
        4399.3458537256065,
        6115.358988362432,
        4194.8324889374,
        1881.732866593898,
        4675.244034302184,
        3945.9020891564423,
        4793.729599269864,
        6050.931851876634,
        2559.4131971739603,
        5971.466171307983,
        5471.36988777961,
        6799.36617207133,
        5331.916762445846,
        4496.230146188002,
        4237.62692956553,
        4076.9013733547977,
        4148.125252579375,
        5815.850289223397,
        5357.250033492402,
        4292.530328235718,
        8064.280286552188,
        4681.919871917649,
        4930.73875289414,
        5571.393137377643,
        4517.223905890709,
        6288.635750184549,
        5424.921903862572,
        4325.927629950234,
        5456.060564983325,
        3733.686852388322,
        5046.836750964634,
        4137.692061782571,
        5950.003197960572,
        3894.886752135175,
        1905.347267763003,
        6374.672455597776,
        4356.431262761044,
        2945.3657736897962,
        4772.789502599859,
        4267.305505959259,
        7111.65163244504,
        7215.805216578321,
        2654.811349618075,
        3244.21114910948,
        1607.8998395611525,
        3155.52442287655,
        5054.833166690882,
        5651.887462881385,
        5398.57256725288,
        5539.789681450651,
        6328.694994829218,
        5078.063111509023,
        2937.5913881012925,
        2871.7765327427933,
        6052.573178407308,
        4928.622662264976,
        5029.7944990000115,
        3143.8701074514775
    ],