{
    "camera_loc": [
        [
            0.3307489188900818,
            -0.03350262148344559,
            -0.9431239192209998
        ],
        [
            0.9435926794771371,
            0.26958564641601257,
            0.19224056409514
        ],
        [
            0.7408636729767942,
            -0.67139042788813,
            -0.01886561431619427
        ],
        [
            0.47304964331486593,
            0.8684643857120482,
            0.14830254788597844
        ],
        [
            -0.39128342603406974,
            0.20850156171717107,
            0.8963394330679318
        ],
        [
            0.4919905918345449,
            0.10404089112044465,
            -0.8643614698268068
        ],
        [
            -0.9298925830335624,
            0.13952086726739854,
            0.34034352001488466
        ],
        [
            0.009054098696172947,
            0.9849552636502814,
            0.17257216433829833
        ],
        [
            -0.9959209759360684,
            0.045361697321757086,
            -0.0779982442535607
        ],
        [
            0.8620779104012712,
            0.23263318743382003,
            -0.4502260282375499
        ],
        [
            -0.14883810515113294,
            0.007337777259744462,
            -0.9888343518911076
        ]
    ],
    "camera_radius": [
        5.538267199488949,
        8.53047575046134,
        4.583356100138036,
        3.4951557534480524,
        7.656569132622028,
        6.4133066010466075,
        6.975778579169108,
        7.802436262503969,
        7.109058373304281,
        9.169290692721459,
        4.417739764860528
    ],
    "lamp_distance": [
        5.0,
        5.0,
        5.0,
        5.0,
        5.0,
        5.0,
        5.0,
        5.0,
        5.0,
        5.0,
        5.0,
        5.0,
        5.0,
        5.0,
        5.0,
        5.0,
        5.0,
        5.0,
        5.0,
        5.0,
        5.0,
        5.0,
        5.0,
        5.0,
        5.0,
        5.0,
        5.0,
        5.0,
        5.0,
        5.0,
        5.0,
        5.0,
        5.0,
        5.0,
        5.0,
        5.0,
        5.0,
        5.0,
        5.0,
        5.0,
        5.0,
        5.0,
        5.0,
        5.0,
        5.0,
        5.0,
        5.0,
        5.0,
        5.0,
        5.0,
        5.0,
        5.0,
        5.0,
        5.0,
        5.0,
        5.0,
        5.0,
        5.0,
        5.0,
        5.0
    ],
    "lamp_energy": [
        6660.7546883221385,
        7058.860782574566,
        7997.601958856532,
        5337.531046579077,
        4520.444857700358,
        4515.895689993089,
        4375.561151286318,
        5400.2571538891225,
        3912.7907348178046,
        4336.873713890351,
        4984.791847669508,
        5442.309953974587,
        6646.873726816796,
        3453.6417571914717,
        7503.992851394518,
        6987.838269707652,
        1164.5438256881107,
        4474.5672815562,
        6743.832742894649,
        6071.203918394226,
        6863.701083117515,
        6527.106135250558,
        4886.011210857049,
        3267.554155514943,
        3509.5510248713263,
        7839.459573052705,
        5266.364577808237,
        2829.981128600768,
        3175.4496687710825,
        5101.410654976314,
        6597.838980396855,
        3619.966759739749,
        4393.196055426357,
        4014.281813384403,
        1699.6900897665773,
        3659.1778917895135,
        2496.6197078913397,
        7410.67806182107,
        6799.322129677106,
        3581.5571544494464,
        7990.844749051163,
        3360.155459786478,
        3017.4588448461764,
        3331.2811364466197,
        7317.188422226245,
        6040.641009381408,
        5367.8333695986485,
        6297.703902540328,
        4452.465653335286,
        1798.258579523174,
        5933.307241195878,
        4925.705086589357,
        4664.682372439039,
        4699.889068323154,
        9760.215426104442,
        5924.904246733638,
        5004.267921812613,
        5488.0311766677505,
        2602.5837105810097,
        5218.121533146995
    ],