{
    "camera_loc": [
        [
            -0.9503727609918061,
            -0.19909283625535962,
            -0.23906831182029956
        ],
        [
            0.42618201903611586,
            0.8887413712298802,
            0.16884212067707555
        ],
        [
            -0.9779148755972582,
            0.16766272394982634,
            0.12478664625401024
        ],
        [
            0.9929413566593017,
            -0.01222120197807332,
            -0.11797501624410385
        ],
        [
            -0.8965441789879162,
            -0.05109693174850292,
            -0.43999731668360453
        ],
        [
            0.4371081239783807,
            0.8828277460588075,
            -0.17190595900324748
        ],
        [
            0.9970455459642134,
            -0.05826535794422377,
            0.05005324501523549
        ],
        [
            -0.9245512743545433,
            -0.38040334575723617,
            0.02232119230889478
        ],
        [
            -0.8399561114714483,
            0.4977821535414423,
            0.2160709569039943
        ],
        [
            0.670883864127833,
            -0.17646651611241387,
            -0.7202599596979234
        ],
        [
            0.4842052037872206,
            0.8574499723461423,
            -0.1741403616310018
        ]
    ],
    "camera_radius": [
        5.211291822597732,
        7.219752358862987,
        7.571830073511974,
        6.2006290747909505,
        4.161353468972365,
        4.518591988420575,
        8.430551182616055,
        6.758612630018392,
        5.587486493581539,
        5.560476973654115,
        3.7544241815885337
    ],
    "lamp_distance": [
        5.0,
        5.0,
        5.0,
        5.0,
        5.0,
        5.0,
        5.0,
        5.0,
        5.0,
        5.0,
        5.0,
        5.0,
        5.0,
        5.0,
        5.0,
        5.0,
        5.0,
        5.0,
        5.0,
        5.0,
        5.0,
        5.0,
        5.0,
        5.0,
        5.0,
        5.0,
        5.0,
        5.0,
        5.0,
        5.0,
        5.0,
        5.0,
        5.0,
        5.0,
        5.0,
        5.0,
        5.0,
        5.0,
        5.0,
        5.0,
        5.0,
        5.0,
        5.0,
        5.0,
        5.0,
        5.0,
        5.0,
        5.0,
        5.0,
        5.0,
        5.0,
        5.0,
        5.0,
        5.0,
        5.0,
        5.0,
        5.0,
        5.0,
        5.0,
        5.0,
        5.0
    ],
    "lamp_energy": [
        4203.866110074694,
        5905.132004072159,
        4945.303814016851,
        5606.854899512109,
        6773.295765541688,
        1903.2914637380286,
        6623.8070794219875,
        8852.041535940001,
        5254.627796672015,
        4783.439865259903,
        5339.52024646697,
        7178.3826515807705,
        7079.4588542572765,
        5699.349366149433,
        8490.221322727324,
        6229.4244723977645,
        5484.465057969078,
        7223.413791419653,
        3567.655556225198,
        6095.759567547819,
        5039.441767487296,
        5081.33454681223,
        7040.130102080079,
        5478.437768829986,
        5021.446147399238,
        6217.179997567064,
        4068.1461397806306,
        7191.153539536677,
        4001.446288601999,
        5933.7715657237095,
        4495.575014910132,
        4430.160043279879,
        5872.413655551614,
        7217.9315748260215,
        4308.020096999313,
        4094.49495480089,
        5455.792006830667,
        5581.093456131279,
        5076.1766692974525,
        6697.4344196019965,
        3942.3514271513804,
        6309.888895352649,
        5816.154578064777,
        4520.512347869802,
        5167.930038222982,
        2219.578064223847,
        1606.0182829623004,
        4082.1578813441497,
        3605.70892965803,
        8149.054499147433,
        1995.0115623935772,
        5293.1820419260885,
        4292.263814494208,
        3624.7225322950935,
        6722.762949894988,
        5913.741914450254,
        6429.558324763288,
        5885.297058866547,
        4718.654190964834,
        5844.916580350506,
        4430.467963234264
    ],