{
    "camera_loc": [
        [
            0.7731364433261064,
            0.5797447024480784,
            -0.2572083202084396
        ],
        [
            0.4687172731240062,
            0.8829975904844374,
            -0.024887207032401604
        ],
        [
            -0.12249703370518177,
            -0.9846816924975924,
            0.12408239679143997
        ],
        [
            -0.12194879758106413,
            0.2718314932241654,
            -0.9545868897382014
        ],
        [
            -0.9679909600613573,
            0.2498701964732665,
            0.023630195807549215
        ],
        [
            0.9802707607157032,
            -0.0799859931148664,
            0.1807525285889112
        ],
        [
            0.16302174295575933,
            0.9706442233817415,
            0.17684372462522424
        ],
        [
            -0.7690216570782309,
            0.4521241623817679,
            0.4518732485279877
        ],
        [
            0.8800342416073218,
            0.43742847686188496,
            -0.18492177056506223
        ],
        [
            0.32562451825467664,
            -0.2731352526832907,
            0.9051882714955186
        ],
        [
            -0.4303488278435314,
            0.9019981468164263,
            0.034629893349983815
        ]
    ],
    "camera_radius": [
        5.639807060077317,
        2.954062415420518,
        6.508763750027701,
        5.7220602275133645,
        4.106111954861882,
        6.66250630432935,
        5.930293817601041,
        6.018174036606633,
        6.7199385631667,
        5.977316864352259,
        6.184438494229992
    ],
    "lamp_distance": [
        5.0,
        5.0,
        5.0,
        5.0,
        5.0,
        5.0,
        5.0,
        5.0,
        5.0,
        5.0,
        5.0,
        5.0,
        5.0,
        5.0,
        5.0,
        5.0,
        5.0,
        5.0,
        5.0,
        5.0,
        5.0,
        5.0,
        5.0,
        5.0,
        5.0,
        5.0,
        5.0,
        5.0,
        5.0,
        5.0,
        5.0,
        5.0,
        5.0,
        5.0,
        5.0,
        5.0,
        5.0,
        5.0,
        5.0,
        5.0,
        5.0,
        5.0,
        5.0,
        5.0,
        5.0,
        5.0,
        5.0,
        5.0,
        5.0,
        5.0,
        5.0,
        5.0,
        5.0,
        5.0,
        5.0,
        5.0,
        5.0,
        5.0,
        5.0,
        5.0,
        5.0,
        5.0,
        5.0
    ],
    "lamp_energy": [
        5631.057304487419,
        5797.006829831447,
        4159.1017624663855,
        5803.047471538085,
        3554.76990290231,
        4226.595876390707,
        2990.5935079851624,
        4528.162077636824,
        7680.428727160335,
        5497.730125338266,
        6579.8411922994355,
        3809.2054995514336,
        7464.986451994777,
        7177.865618384798,
        2797.991917240017,
        2466.161069105651,
        4451.274514426542,
        3499.77608342453,
        4944.570354920094,
        3353.2775260933363,
        3840.72877925041,
        6273.278756944963,
        4474.194515251891,
        5280.500062027382,
        3241.756282671753,
        6498.594385859675,
        6569.5159602121175,
        4728.243572748746,
        4743.721184647227,
        6122.7871709789815,
        4503.20710195902,
        6681.7575423580665,
        3843.526555247021,
        3913.791608084655,
        5022.447334023224,
        6928.563548485,
        4780.926094993163,
        4883.2084306912475,
        4679.974787938375,
        5183.368496119854,
        4671.467541810278,
        7699.063396445925,
        5351.844551764258,
        6849.470563865937,
        5812.374324605814,
        3690.191571324055,
        2089.4943429535047,
        7577.861364049968,
        2386.943139730924,
        2602.9668655442047,
        3811.8302767070372,
        4182.619988130907,
        5683.182848356583,
        7112.653299173812,
        4222.058601207851,
        6406.391893827327,
        3705.0084013608785,
        4692.617148548621,
        5864.580042956983,
        3587.7921268097443,
        6040.896865864024,
        6096.752991978809,
        4074.6787422893276
    ],